Cr_SNR	Cr_FWHM	water_FWHM	residual_water_ampl	freqShift	relResA
100.457212848593	7.77500043336632	8.01116671898331	2.80084661013705	-2.30473924950169	5.33297640800814
